{
	"class_name" : "PinholeCameraParameters",
	"extrinsic" : 
	[
		0.99716082546963258,
		0.037852347487641762,
		0.06509599018676783,
		0.0,
		0.027191352812311057,
		-0.98714687224126829,
		0.15748550078187401,
		0.0,
		0.070220499008176923,
		-0.15526832392331669,
		-0.9853734465191798,
		0.0,
		-11.409824766603414,
		14.230954249926551,
		41.932127928458343,
		1.0
	],
	"intrinsic" : 
	{
		"height" : 1055,
		"intrinsic_matrix" : 
		[
			913.65680099258282,
			0.0,
			0.0,
			0.0,
			913.65680099258282,
			0.0,
			959.5,
			527.0,
			1.0
		],
		"width" : 1920
	},
	"version_major" : 1,
	"version_minor" : 0
}