{
	"class_name" : "PinholeCameraParameters",
	"extrinsic" : 
	[
		0.94963750251304224,
		0.10691693819479008,
		-0.29454606116504617,
		0.0,
		-0.20862951500375634,
		-0.4856180586825905,
		-0.84891037604134034,
		0.0,
		-0.23379978462370124,
		0.86760813124843617,
		-0.43885509146130147,
		0.0,
		-10.577093806075647,
		-1.0968817678748177,
		39.037934908313652,
		1.0
	],
	"intrinsic" : 
	{
		"height" : 1055,
		"intrinsic_matrix" : 
		[
			913.65680099258282,
			0.0,
			0.0,
			0.0,
			913.65680099258282,
			0.0,
			959.5,
			527.0,
			1.0
		],
		"width" : 1920
	},
	"version_major" : 1,
	"version_minor" : 0
}