{
	"class_name" : "PinholeCameraParameters",
	"extrinsic" : 
	[
		-0.90305743913887371,
		0.13168458519237378,
		0.40883545790287307,
		0.0,
		-0.12263806719585475,
		-0.99127078253576895,
		0.048395662671248327,
		0.0,
		0.41163960704772379,
		-0.0064347271610142864,
		0.91132399737741954,
		0.0,
		10.42481844809762,
		5.6165271283014135,
		32.001038393947709,
		1.0
	],
	"intrinsic" : 
	{
		"height" : 1055,
		"intrinsic_matrix" : 
		[
			913.65680099258282,
			0.0,
			0.0,
			0.0,
			913.65680099258282,
			0.0,
			959.5,
			527.0,
			1.0
		],
		"width" : 1920
	},
	"version_major" : 1,
	"version_minor" : 0
}