{
	"class_name" : "PinholeCameraParameters",
	"extrinsic" : 
	[
		0.19742221073759522,
		0.15447093484695804,
		-0.96807189867023191,
		0.0,
		0.0056531494508844718,
		-0.98767044266285109,
		-0.15644532141120079,
		0.0,
		-0.98030225573991547,
		0.025413126090168593,
		-0.19586132955118704,
		0.0,
		-5.528133460034919,
		2.5686050570653181,
		52.304448304013256,
		1.0
	],
	"intrinsic" : 
	{
		"height" : 1055,
		"intrinsic_matrix" : 
		[
			913.65680099258282,
			0.0,
			0.0,
			0.0,
			913.65680099258282,
			0.0,
			959.5,
			527.0,
			1.0
		],
		"width" : 1920
	},
	"version_major" : 1,
	"version_minor" : 0
}